date,url,title,fetched_at
2025-08-23,https://www.example.com/,Example Domain,2025-10-12T22:35:08+00:00
2025-08-23,https://www.python.org/,Welcome to Python.org,2025-10-12T22:35:08+00:00
2025-08-24,https://www.example.com/,Example Domain,2025-10-12T22:35:08+00:00
2025-08-24,https://www.python.org/,Welcome to Python.org,2025-10-12T22:35:08+00:00
2025-08-28,https://www.example.com/,Example Domain,2025-10-12T22:35:08+00:00
2025-08-28,https://www.python.org/,Welcome to Python.org,2025-10-12T22:35:08+00:00
2025-08-28,https://kamikouryaku.net/nightreign_eldenring/?%E3%83%AC%E3%83%87%E3%82%A3,レディ,2025-10-12T22:35:08+00:00
2025-09-10,https://www.example.com/,Example Domain,2025-10-12T22:35:08+00:00
2025-09-10,https://www.python.org/,Welcome to Python.org,2025-10-12T22:35:08+00:00
2025-09-10,https://kamikouryaku.net/nightreign_eldenring/?%E3%83%AC%E3%83%87%E3%82%A3,レディ,2025-10-12T22:35:08+00:00
2025-09-11,https://www.example.com/,Example Domain,2025-10-12T22:35:08+00:00
2025-09-11,https://www.python.org/,Welcome to Python.org,2025-10-12T22:35:08+00:00
2025-09-11,https://kamikouryaku.net/nightreign_eldenring/?%E3%83%AC%E3%83%87%E3%82%A3,レディ,2025-10-12T22:35:08+00:00
2025-09-18,https://www.example.com/,Example Domain,2025-10-12T22:35:08+00:00
2025-09-18,https://www.python.org/,Welcome to Python.org,2025-10-12T22:35:08+00:00
2025-09-18,https://kamikouryaku.net/nightreign_eldenring/?%E3%83%AC%E3%83%87%E3%82%A3,レディ,2025-10-12T22:35:08+00:00
2025-09-19,https://www.example.com/,Example Domain,2025-10-12T22:35:08+00:00
2025-09-19,https://www.python.org/,Welcome to Python.org,2025-10-12T22:35:08+00:00
2025-09-19,https://kamikouryaku.net/nightreign_eldenring/?%E3%83%AC%E3%83%87%E3%82%A3,レディ,2025-10-12T22:35:08+00:00
2025-09-20,https://www.example.com/,Example Domain,2025-10-12T22:35:08+00:00
2025-09-20,https://www.python.org/,Welcome to Python.org,2025-10-12T22:35:08+00:00
2025-09-20,https://kamikouryaku.net/nightreign_eldenring/?%E3%83%AC%E3%83%87%E3%82%A3,レディ,2025-10-12T22:35:08+00:00
2025-09-21,https://www.example.com/,Example Domain,2025-10-12T22:35:08+00:00
2025-09-21,https://www.python.org/,Welcome to Python.org,2025-10-12T22:35:08+00:00
2025-09-21,https://kamikouryaku.net/nightreign_eldenring/?%E3%83%AC%E3%83%87%E3%82%A3,レディ,2025-10-12T22:35:08+00:00
2025-09-22,https://www.example.com/,Example Domain,2025-10-12T22:35:08+00:00
2025-09-22,https://www.python.org/,Welcome to Python.org,2025-10-12T22:35:08+00:00
2025-09-22,https://kamikouryaku.net/nightreign_eldenring/?%E3%83%AC%E3%83%87%E3%82%A3,レディ,2025-10-12T22:35:08+00:00
2025-09-23,https://www.example.com/,Example Domain,2025-10-12T22:35:08+00:00
2025-09-23,https://www.python.org/,Welcome to Python.org,2025-10-12T22:35:08+00:00
2025-09-23,https://kamikouryaku.net/nightreign_eldenring/?%E3%83%AC%E3%83%87%E3%82%A3,レディ,2025-10-12T22:35:08+00:00
2025-09-24,https://www.example.com/,Example Domain,2025-10-12T22:35:08+00:00
2025-09-24,https://www.python.org/,Welcome to Python.org,2025-10-12T22:35:08+00:00
2025-09-24,https://kamikouryaku.net/nightreign_eldenring/?%E3%83%AC%E3%83%87%E3%82%A3,レディ,2025-10-12T22:35:08+00:00
2025-09-25,https://www.example.com/,Example Domain,2025-10-12T22:35:08+00:00
2025-09-25,https://www.python.org/,Welcome to Python.org,2025-10-12T22:35:08+00:00
2025-09-25,https://kamikouryaku.net/nightreign_eldenring/?%E3%83%AC%E3%83%87%E3%82%A3,レディ,2025-10-12T22:35:08+00:00
2025-09-26,https://www.example.com/,Example Domain,2025-10-12T22:35:08+00:00
2025-09-26,https://www.python.org/,Welcome to Python.org,2025-10-12T22:35:08+00:00
2025-09-26,https://kamikouryaku.net/nightreign_eldenring/?%E3%83%AC%E3%83%87%E3%82%A3,レディ,2025-10-12T22:35:08+00:00
2025-09-27,https://www.example.com/,Example Domain,2025-10-12T22:35:08+00:00
2025-09-27,https://www.python.org/,Welcome to Python.org,2025-10-12T22:35:08+00:00
2025-09-27,https://kamikouryaku.net/nightreign_eldenring/?%E3%83%AC%E3%83%87%E3%82%A3,レディ,2025-10-12T22:35:08+00:00
2025-09-28,https://www.example.com/,Example Domain,2025-10-12T22:35:08+00:00
2025-09-28,https://www.python.org/,Welcome to Python.org,2025-10-12T22:35:08+00:00
2025-09-28,https://kamikouryaku.net/nightreign_eldenring/?%E3%83%AC%E3%83%87%E3%82%A3,レディ,2025-10-12T22:35:08+00:00
2025-09-29,https://www.example.com/,Example Domain,2025-10-12T22:35:08+00:00
2025-09-29,https://www.python.org/,Welcome to Python.org,2025-10-12T22:35:08+00:00
2025-09-29,https://kamikouryaku.net/nightreign_eldenring/?%E3%83%AC%E3%83%87%E3%82%A3,レディ,2025-10-12T22:35:08+00:00
2025-09-30,https://www.example.com/,Example Domain,2025-10-12T22:35:08+00:00
2025-09-30,https://www.python.org/,Welcome to Python.org,2025-10-12T22:35:08+00:00
2025-09-30,https://kamikouryaku.net/nightreign_eldenring/?%E3%83%AC%E3%83%87%E3%82%A3,レディ,2025-10-12T22:35:08+00:00
2025-10-01,https://www.example.com/,Example Domain,2025-10-12T22:35:08+00:00
2025-10-01,https://www.python.org/,Welcome to Python.org,2025-10-12T22:35:08+00:00
2025-10-01,https://kamikouryaku.net/nightreign_eldenring/?%E3%83%AC%E3%83%87%E3%82%A3,レディ,2025-10-12T22:35:08+00:00
2025-10-02,https://www.example.com/,Example Domain,2025-10-12T22:35:08+00:00
2025-10-02,https://www.python.org/,Welcome to Python.org,2025-10-12T22:35:08+00:00
2025-10-02,https://kamikouryaku.net/nightreign_eldenring/?%E3%83%AC%E3%83%87%E3%82%A3,レディ,2025-10-12T22:35:08+00:00
2025-10-03,https://www.example.com/,Example Domain,2025-10-12T22:35:08+00:00
2025-10-03,https://www.python.org/,Welcome to Python.org,2025-10-12T22:35:08+00:00
2025-10-03,https://kamikouryaku.net/nightreign_eldenring/?%E3%83%AC%E3%83%87%E3%82%A3,レディ,2025-10-12T22:35:08+00:00
2025-10-04,https://www.example.com/,Example Domain,2025-10-12T22:35:08+00:00
2025-10-04,https://www.python.org/,Welcome to Python.org,2025-10-12T22:35:08+00:00
2025-10-04,https://kamikouryaku.net/nightreign_eldenring/?%E3%83%AC%E3%83%87%E3%82%A3,レディ,2025-10-12T22:35:08+00:00
2025-10-11,https://www.example.com/,Example Domain,2025-10-12T22:35:08+00:00
2025-10-11,https://www.python.org/,Welcome to Python.org,2025-10-12T22:35:08+00:00
2025-10-11,https://kamikouryaku.net/nightreign_eldenring/?%E3%83%AC%E3%83%87%E3%82%A3,レディ,2025-10-12T22:35:08+00:00
2025-10-12,https://www.example.com/,Example Domain,2025-10-12T22:35:08+00:00
2025-10-12,https://www.python.org/,Welcome to Python.org,2025-10-12T22:35:08+00:00
2025-10-12,https://kamikouryaku.net/nightreign_eldenring/?%E3%83%AC%E3%83%87%E3%82%A3,レディ,2025-10-12T22:35:08+00:00
